,Country,Year,Log Fertility
0,2140,1956,-2.8322652435987563
1,2140,1957,-2.9048998233336114
2,2140,1958,-2.8417624889603887
3,2140,1959,-2.782962342667342
4,2140,1960,-2.9868886298974093
5,2140,1961,-2.961752650087149
6,2140,1962,-2.952220235591913
7,2140,1963,-2.947952731277054
8,2140,1964,-2.9670866754770264
9,2140,1965,-2.997425207974205
10,2140,1966,-3.0612958959061705
11,2140,1967,-3.190812402780387
12,2140,1968,-3.089410981994188
13,2140,1969,-3.2462348229348303
14,2140,1970,-2.936985064241852
15,2140,1971,-3.2912096971258094
16,2140,1972,-3.6172303927100327
17,2140,1973,-3.313630810927683
18,2140,1974,-3.422249019288223
19,2140,1975,-3.2793748120506594
20,2140,1976,-3.3909334052650837
21,2140,1977,-3.3448033500650256
22,2140,1978,-3.52124940842654
23,2140,1979,-3.086353005198563
24,2140,1980,-3.815033733961612
25,2140,1981,-3.3816149459335283
26,2140,1982,-3.3779078771438376
27,2140,1983,-2.573827464226921
28,2140,1984,-3.292429880858524
29,2140,1985,-3.324813430087104
30,2140,1986,-2.85541108762674
31,2140,1987,-3.2880158638608328
32,2140,1988,-3.1851472753990926
33,2140,1989,-3.3005392755805096
34,2140,1990,-3.315712383234437
35,2140,1991,-3.334569012370967
36,2140,1992,-3.3605503507521717
37,2140,1993,-3.3709591362884828
38,2140,1994,-2.619345507902337
39,3160,1950,-3.305677323651426
40,3160,1951,-3.404738103980711
41,3160,1952,-3.4497550680809734
42,3160,1953,-3.4719317490747716
43,3160,1954,-3.6056438606141614
44,3160,1955,-3.5903591553406544
45,3160,1956,-3.6410696069358446
46,3160,1957,-3.6666129548174577
47,3160,1958,-3.655238412470542
48,3160,1959,-3.889571996531568
49,3160,1960,-3.7038646731247575
50,3160,1961,-3.6884854075625664
51,3160,1962,-3.695132758856702
52,3160,1963,-3.677626281041988
53,3160,1964,-3.6434045498618643
54,3160,1965,-3.8086355384579513
55,3160,1966,-3.9083410070664626
56,3160,1967,-3.58409664175187
57,3160,1968,-3.5645564582088003
58,3160,1969,-3.606685258620374
59,3160,1970,-3.594426724169537
60,3160,1971,-3.1231734481015
61,3160,1972,-3.5632956052565716
62,3160,1973,-3.827233685727655
63,3160,1974,-3.4378448687815344
64,3160,1975,-3.680447232678299
65,3160,1976,-3.723768555320234
66,3160,1977,-3.751429006037576
67,3160,1978,-3.4110439732780033
68,3160,1979,-3.5935684132290326
69,3160,1980,-3.635762765287488
70,3160,1981,-3.6549930360738565
71,3160,1982,-3.8931522455686087
72,3160,1983,-3.655344084448972
73,3160,1984,-3.645336454163771
74,3160,1985,-3.672913394593592
75,3160,1986,-3.706411237226071
76,3160,1987,-3.696977055016525
77,3160,1988,-3.723245231687152
78,3160,1989,-3.750678761193426
79,3160,1990,-3.701202322457279
80,3160,1991,-3.677541718042547
81,3160,1992,-3.6781737400779093
82,3160,1993,-3.7009379391428467
83,3160,1994,-4.0912247211299935
84,3160,1995,-4.033132289532844
85,3160,1996,-4.0932286658093275
86,3160,1997,-4.056998775488259
87,3160,1998,-4.067625547200469
88,3160,1999,-4.087952476998411
89,3160,2000,-4.028501305389039
90,3160,2001,-4.110538453263337
91,3160,2002,-4.0653570072094105
92,3160,2003,-4.098696494771673
93,3160,2004,-4.050815304883734
94,3160,2005,-4.087435489567214
95,3160,2006,-4.073120780551149
96,3160,2007,-4.0729714000502915
97,3160,2008,-4.067267997819613
98,3160,2009,-3.751099211733814
99,3160,2010,-4.004484839617027
100,3160,2011,-4.0088441534011015
101,3160,2012,-4.010514218653434
102,3160,2013,-4.012386023535772
103,3160,2014,-3.9282799060312654
104,3160,2015,-3.9908294627283287
105,3400,2009,-3.7513311528112565
106,3400,2010,-3.758267133906172
107,3400,2011,-3.840753155398281
108,3400,2012,-3.853643370453232
109,3400,2013,-3.6924722244374095
110,3400,2014,-3.7415193455064277
111,3400,2015,-3.717759411996676
112,4010,1955,-3.6364662872264604
113,4010,1956,-3.569059231114138
114,4010,1957,-3.5640769562540195
115,4010,1958,-3.5204647238407953
116,4010,1959,-3.479183198161013
117,4010,1960,-3.5540484452001864
118,4010,1961,-3.37569895864591
119,4010,1962,-3.436214820177093
120,4010,1963,-3.4571261132374365
121,4010,1964,-3.4331781407106194
122,4010,1965,-3.482041237184797
123,4010,1966,-3.4655954539777296
124,4010,1967,-3.491563026434445
125,4010,1968,-3.4400229351300333
126,4010,1969,-3.4661569983924765
127,4010,1970,-3.2600240056188747
128,4010,1971,-3.500261042979028
129,4010,1972,-3.5509512343851446
130,4010,1973,-3.331556779922838
131,4010,1974,-3.6282029847280945
132,4010,1975,-3.603767511525667
133,4010,1976,-3.572062914617532
134,4010,1977,-3.623393694106637
135,4010,1978,-3.6259104075246666
136,4010,1979,-3.233194933546418
137,4010,1980,-3.0452270069357055
138,4010,1981,-3.2458051383921824
139,4010,1982,-3.291134270098456
140,4010,1983,-3.301306636753882
141,4010,1984,-3.2752789716975963
142,4010,1985,-3.2989345935110275
143,4010,1986,-3.3240843737707886
144,4010,1987,-3.3168743823174403
145,4010,1988,-3.2342487796203385
146,4010,1989,-3.168467618112666
147,4010,1990,-3.113942603415445
148,4010,1991,-3.098866124904786
149,4010,1992,-3.175285085962661
150,4010,1993,-3.31546179527761
151,4010,1994,-3.379169930866972
152,4010,1995,-3.390096803862244
153,4010,1996,-3.413384143396906
154,4010,1997,-3.4293665195400584
155,4010,1998,-3.405225774117647
156,4010,1999,-3.412111263283379
157,4010,2000,-3.3950199599311426
158,4010,2001,-3.7345055083176613
159,4010,2002,-3.7475369743608207
160,4010,2003,-3.70465251568669
161,4010,2004,-3.6792364506156563
162,4010,2005,-3.7613336155330868
163,4010,2006,-3.8468717479018806
164,4010,2007,-3.85000813299883
165,4010,2008,-3.863509619739268
166,4010,2009,-3.870032956327384
167,4010,2010,-3.83603747475881
168,4010,2011,-3.7532006386820895
169,4010,2012,-3.6921449254801026
170,4010,2013,-3.6370439126142333
171,4010,2014,-3.5246076003570446
172,4010,2015,-3.458521608142252
173,4020,1954,-3.461793302958418
174,4020,1955,-3.4441570260762764
175,4020,1956,-3.4215615579173817
176,4020,1957,-3.445404888309713
177,4020,1958,-3.512633440876503
178,4020,1959,-3.576821074832546
179,4020,1960,-3.5073880475443833
180,4020,1961,-3.4520859394200807
181,4020,1962,-3.389198022682678
182,4020,1963,-3.376221574413496
183,4020,1964,-3.361272307847109
184,4020,1965,-3.433449880622224
185,4020,1966,-3.477046511356761
186,4020,1967,-3.495744505870486
187,4020,1968,-3.4764859777573913
188,4020,1969,-3.4863664945559054
189,4020,1970,-3.4421341663807508
190,4020,1971,-3.45764893708617
191,4020,1972,-3.477085711090066
192,4020,1973,-3.5513148582044205
193,4020,1974,-3.4315374065113793
194,4020,1975,-3.5323169886548094
195,4020,1976,-3.6076689668418327
196,4020,1977,-3.6069192650699167
197,4020,1978,-3.3076750992983217
198,4020,1979,-3.3963494300102686
199,4020,1980,-3.4447920875361824
200,4020,1981,-3.4051672355596585
201,4020,1982,-3.4116194539302276
202,4020,1983,-3.3585851463921133
203,4020,1984,-3.3797453789202883
204,4020,1985,-3.317053943759014
205,4020,1986,-3.4375134403044942
206,4020,1987,-3.3654017160558873
207,4020,1988,-3.3317412627134178
208,4020,1989,-3.3812757849252963
209,4020,1990,-3.3622068684451913
210,4020,1991,-3.2987883912445444
211,4020,1992,-3.2881615229849457
212,4020,1993,-3.33598164190301
213,4020,1994,-3.3578364799529665
214,4020,1995,-3.4568668183700515
215,4020,1996,-3.3961638143992836
216,4020,1997,-3.73979552638176
217,4020,1998,-3.7809757532741797
218,4020,1999,-3.7753551876388087
219,4020,2000,-3.7490973789817708
220,4020,2001,-3.6903319154541747
221,4020,2002,-3.6988161198192047
222,4020,2003,-3.735788269384355
223,4020,2004,-3.6781131283865034
224,4020,2005,-3.6603529212777692
225,4020,2006,-3.6270782855216597
226,4020,2007,-3.594989748412378
227,4020,2008,-3.594834001890781
228,4020,2009,-3.7507611069256797
229,4020,2010,-3.3793341572830937
230,4020,2011,-3.561539375649121
231,4020,2012,-3.602968592186796
232,4020,2013,-3.767399494865467
233,4020,2014,-3.7668329818360244
234,4020,2015,-3.6170552962027167
235,4030,1964,-3.7501492135695664
236,4030,1965,-3.716265964383064
237,4030,1966,-3.681839712325132
238,4030,1967,-3.623999543397162
239,4030,1968,-3.5388473568050505
240,4030,1969,-3.6159551210356513
241,4030,1970,-3.61034561130607
242,4030,1971,-3.6362920721577794
243,4030,1972,-3.6476525137275067
244,4030,1973,-3.5648209283394707
245,4030,1974,-3.5920128586491846
246,4030,1975,-3.6380919171720016
247,4030,1976,-3.5558865344832724
248,4030,1977,-3.7335555149635913
249,4030,1978,-3.7070790103102307
250,4030,1979,-3.2824668275082916
251,4030,1980,-3.3310428537256684
252,4030,1981,-3.2837300673172205
253,4030,1982,-3.307331780197365
254,4030,1983,-3.2977828733298193
255,4030,1984,-3.3133903455324054
256,4030,1985,-3.3440973844379926
257,4030,1986,-3.265838765527596
258,4030,1987,-3.273466295963797
259,4030,1988,-3.2854487623627917
260,4030,1989,-3.3561088468522207
261,4030,1990,-3.376985592841773
262,4030,1991,
263,4030,1992,-3.5523596271633107
264,4030,1993,-3.3750626559322914
265,4030,1994,-3.3736203258631594
266,4030,1995,-3.375058840158628
267,4030,1996,-3.3557644240031337
268,4030,1997,-3.4061204522004815
269,4030,1998,-3.431584923202028
270,4030,1999,-3.3811060731393177
271,4030,2000,-5.039633983507686
272,4030,2001,-3.393631394652922
273,4030,2002,-3.4055249978768316
274,4030,2003,-3.4098905841599487
275,4030,2004,-3.7364760361015246
276,4030,2005,-3.728418878498056
277,4030,2006,-3.7190667935543757
278,4030,2007,-3.725128099668182
279,4030,2008,-3.7579128970245654
280,4030,2009,-3.8011630347088174
281,4030,2010,-4.339470426908372
282,4030,2011,-4.225536321337453
283,4030,2012,-3.7729660676693855
284,4030,2013,-3.716236065413281
285,4030,2014,-3.724449208821755
286,4030,2015,-3.772883890917238
287,4045,1986,-3.2641497596474953
288,4045,1987,-3.2697913181907197
289,4045,1988,-3.257936070421255
290,4045,1989,-3.262547527980788
291,4045,1990,-3.455369470694601
292,4045,1991,-3.3025557700392465
293,4045,1992,-3.312175002061736
294,4045,1993,-3.7612119252244156
295,4045,1994,-3.8034778060031886
296,4045,1995,-3.8949968251381275
297,4045,1996,-3.876876195969191
298,4045,1997,-3.890981525788899
299,4045,1998,-3.9051501261403843
300,4045,1999,-3.902030486327986
301,4045,2000,-3.7970228538441586
302,4045,2001,-4.372857796908307
303,4045,2002,-3.821017777634717
304,4045,2003,-3.8383787492064956
305,4045,2004,-3.7375748831515088
306,4045,2005,-3.746875351347787
307,4045,2006,-3.655737867992833
308,4045,2007,-3.4835164559883554
309,4045,2008,-3.629687765836111
310,4045,2009,-3.7800045292715825
311,4045,2010,-3.9974548245657573
312,4045,2011,-3.825126465078441
313,4045,2012,-3.8675103379143416
314,4045,2013,-3.8423008906601908
315,4045,2014,-3.7787471614103434
316,4045,2015,-3.791605322612397
317,4084,1981,-3.2704941030611705
318,4084,1982,None
319,4084,1983,None
320,4084,1984,None
321,4084,1985,-3.219499615104445
322,4084,1986,-3.233686682750791
323,4084,1987,-3.2216952587681074
324,4084,1988,-3.296184684654821
325,4084,1989,-3.298128057036519
326,4084,1990,-3.3491961000020356
327,4084,1991,-3.8496971825929553
328,4084,1992,None
329,4084,1993,
330,4084,1994,-6.214926944818072
331,4084,1995,-6.5344172102521405
332,4084,1996,-4.508717513861849
333,4084,1997,-4.877650209354637
334,4084,1998,-4.582421778576253
335,4084,1999,-4.522341228328925
336,4084,2000,-4.547028971086235
337,4084,2001,None
338,4084,2002,None
339,4084,2003,-3.9067469209827954
340,4084,2004,-3.5463872070222755
341,4084,2005,-3.5838491621856856
342,4084,2006,-4.101793794237112
343,4084,2007,None
344,4084,2008,-3.5948402685796674
345,4084,2009,-3.3546996251831964
346,4084,2010,-3.6702058845433405
347,4084,2011,-3.7447356085888
348,4084,2012,-3.8706693865961324
349,4084,2013,
350,4084,2014,-3.653629380031186
351,4084,2015,-3.580709673761275
352,4140,1956,-3.751817795217477
353,4140,1957,-3.7353206586900676
354,4140,1958,-3.677315734632607
355,4140,1959,-3.769686148185942
356,4140,1960,-3.7364670848977712
357,4140,1961,-3.824035681871485
358,4140,1962,-3.936223628226479
359,4140,1963,-3.9053820552882406
360,4140,1964,-3.8820207551243473
361,4140,1965,-3.7182530168557153
362,4140,1966,-3.5176051966086224
363,4140,1967,-3.5307687811831237
364,4140,1968,-3.795548490244323
365,4140,1969,-4.234181325162355
366,4140,1970,-4.098712197652409
367,4140,1971,-3.385993152998519
368,4140,1972,-3.7053773305375883
369,4140,1973,-3.7615926174807655
370,4140,1974,-3.5142268928018656
371,4140,1975,-3.383591709782435
372,4140,1976,-3.45224497890579
373,4140,1977,-3.514552220410364
374,4140,1978,-3.2924464660648938
375,4140,1979,-3.0073945236477617
376,4140,1980,-3.2944563311779387
377,4140,1981,-3.381550752211345
378,4140,1982,-3.3578256194700304
379,4140,1983,-3.409602926440544
380,4140,1984,-3.405341042391753
381,4140,1985,-3.437605067480823
382,4140,1986,-3.37573543436151
383,4140,1987,-3.4142280064645694
384,4140,1988,-3.369900894028154
385,4140,1989,-3.3114638594637777
386,4140,1990,-3.2420219123763863
387,4140,1991,-3.188815013588675
388,4140,1992,-3.248230449775791
389,4140,1993,-3.2714631534271392
390,4140,1994,-3.275435170277112
391,4140,1995,-3.2948683093359348
392,4140,1996,-3.3290657743000085
393,4140,1997,-3.3383607391414656
394,4140,1998,-3.3672197824079713
395,4140,1999,-3.390903484942645
396,4140,2000,-3.4231398642004307
397,4140,2001,-3.4005330333278536
398,4140,2002,-3.394454242822355
399,4140,2003,-3.3971074334371725
400,4140,2004,-3.3892264533015277
401,4140,2005,-3.3874964622914083
402,4140,2006,-3.352629321342776
403,4140,2007,-3.3713961230287537
404,4140,2008,-3.3700354352884268
405,4140,2009,-3.4220348132196134
406,4140,2010,-3.4992875300497284
407,4140,2011,-4.26114345073125
408,4140,2012,-3.898958991616874
409,4140,2013,-4.2615927583776685
410,4140,2014,-4.150855527748775
411,4140,2015,-4.026918397127313
412,4170,1950,-3.660469093831347
413,4170,1951,-3.8562222197221727
414,4170,1952,-3.813393524546284
415,4170,1953,-3.8449761881397166
416,4170,1954,-3.960153747485762
417,4170,1955,-4.1184464557917
418,4170,1956,-3.911074590503154
419,4170,1957,-4.301285597365722
420,4170,1958,-3.795167299168708
421,4170,1959,-3.964870934419602
422,4170,1960,-3.879250268590376
423,4170,1961,-3.5352570944386623
424,4170,1962,-3.444197099057398
425,4170,1963,-3.5466978632660324
426,4170,1964,-3.565599450225791
427,4170,1965,-3.5661081081128767
428,4170,1966,-3.5796705969357117
429,4170,1967,-3.5099676460446005
430,4170,1968,-3.5061799488882635
431,4170,1969,-3.3801709364654573
432,4170,1970,-3.3232028968415888
433,4170,1971,-3.275381690811327
434,4170,1972,-3.272020342001897
435,4170,1973,-3.262102584954767
436,4170,1974,-3.3152944031503657
437,4170,1975,-2.876536211549918
438,4170,1976,-3.297833467050734
439,4170,1977,-3.328655693801889
440,4170,1978,-3.0360891780960935
441,4170,1979,-3.203284857556407
442,4170,1980,-3.157003214450104
443,4170,1981,-3.198551733270261
444,4170,1982,-3.307485848051223
445,4170,1983,-3.3687478528748867
446,4170,1984,-3.4309673991805894
447,4170,1985,-3.515049593815935
448,4170,1986,-3.570676627273968
449,4170,1987,-3.639639127912168
450,4170,1988,-3.830294542849916
451,4170,1989,-3.7246387094095046
452,4170,1990,-3.3723486861037006
453,4170,1991,-3.34959511836124
454,4170,1992,-3.400606539695189
455,4170,1993,-3.4761344344242295
456,4170,1994,-3.4335740044963305
457,4170,1995,-3.3727280459204643
458,4170,1996,-3.279815486928137
459,4170,1997,-3.286305739023909
460,4170,1998,-3.275714111503294
461,4170,1999,-3.2468164630526712
462,4170,2000,-3.218146713839567
463,4170,2001,-3.1653397120429587
464,4170,2002,-3.2481019833195184
465,4170,2003,-3.2495802083955443
466,4170,2004,-3.1405679457303917
467,4170,2005,-3.0383850016226743
468,4170,2006,-3.3060829835877747
469,4170,2007,-3.436631150965658
470,4170,2008,-3.840235282927607
471,4170,2009,None
472,4170,2010,None
473,4170,2011,-4.195811951140988
474,4170,2012,-4.2300424637438825
475,4170,2013,None
476,4170,2014,None
477,4180,1951,-3.2869209632073475
478,4180,1952,-3.6524883135348643
479,4180,1953,-3.666628146709021
480,4180,1954,-3.648771073493644
481,4180,1955,-3.608001445387498
482,4180,1956,-3.652861359338084
483,4180,1957,-3.6727167461836943
484,4180,1958,-3.6328166017556316
485,4180,1959,-3.5916521007351174
486,4180,1960,-3.647299017782387
487,4180,1961,-3.5963376292102134
488,4180,1962,-3.5664998929173026
489,4180,1963,-3.574025236127388
490,4180,1964,-3.5520674149248586
491,4180,1965,-3.618030947180273
492,4180,1966,-3.6104482494320984
493,4180,1967,-3.521758186154265
494,4180,1968,-3.511447154845177
495,4180,1969,-3.5365935467347045
496,4180,1970,-3.5403000320155407
497,4180,1971,-3.50520090942703
498,4180,1972,-3.59237338214468
499,4180,1973,-3.3092820014691187
500,4180,1974,-3.4894367005833002
501,4180,1975,-3.550538831854124
502,4180,1976,-3.5935181307161934
503,4180,1977,-3.634931874385662
504,4180,1978,-3.3979869551409223
505,4180,1979,-3.3936976992271517
506,4180,1980,-3.426981260172821
507,4180,1981,-3.919020871998027
508,4180,1982,-3.3537729215769314
509,4180,1983,-3.419404454477092
510,4180,1984,-3.4179846683980104
511,4180,1985,-3.4436920640382
512,4180,1986,-3.4709767003355534
513,4180,1987,-3.4564505921382565
514,4180,1988,-3.481275597930168
515,4180,1989,-3.4443852867876927
516,4180,1990,-3.762092012466345
517,4180,1991,-3.824108206135199
518,4180,1992,-3.453958665242712
519,4180,1993,-3.4634149956640754
520,4180,1994,-3.4763183505052884
521,4180,1995,-3.482236382630228
522,4180,1996,-3.45213199710263
523,4180,1997,-3.430844758889013
524,4180,1998,-3.4567528654594835
525,4180,1999,-3.4648139623959304
526,4180,2000,-3.4578313158823035
527,4180,2001,-3.3683132152604567
528,4180,2002,-3.5602731640043808
529,4180,2003,-3.895940926347381
530,4180,2004,-3.703773600092539
531,4180,2005,-3.3231149347470836
532,4180,2006,-3.619404147100719
533,4180,2007,-3.6015569242450987
534,4180,2008,-3.6614542009114555
535,4180,2009,-3.7191707795173907
536,4180,2010,-6.574769886021603
537,4180,2011,-3.7565868344288345
538,4180,2012,-3.4481539238679066
539,4180,2013,-3.53717451424827
540,4180,2014,-3.8975246914363892
541,4180,2015,-3.981506039610811
542,4182,1981,-3.2114075623367984
543,4182,1982,None
544,4182,1983,None
545,4182,1984,None
546,4182,1985,-3.2484855146360605
547,4182,1986,-3.210053341000088
548,4182,1987,-3.2078110007201603
549,4182,1988,-3.254220379758947
550,4182,1989,-3.317638947474494
551,4182,1990,-3.4517442484913476
552,4182,1991,-3.3990932439386166
553,4182,1992,-3.3520747081341513
554,4182,1993,-4.277231528477897
555,4182,1994,-4.964881045949254
556,4182,1995,
557,4182,1996,-4.020704727727347
558,4182,1997,
559,4182,1998,-4.000835730051749
560,4182,1999,-3.7095034866758154
561,4182,2000,-3.586776706215317
562,4182,2001,-3.5737430538385797
563,4182,2002,-3.3962456223400714
564,4182,2003,-3.2958384086959898
565,4182,2004,-3.226196910927763
566,4182,2005,-3.190944148823338
567,4182,2006,-3.1743229046103476
568,4182,2007,-3.1967964799408897
569,4182,2008,-3.166602358208131
570,4182,2009,-2.973504395444023
571,4182,2010,-3.2620781021381493
572,4182,2011,-3.2605668386619002
573,4182,2012,-3.48180023429581
574,4182,2013,-3.493792421937647
575,4182,2014,-3.5096461047834175
576,4182,2015,-3.4759343748305582
577,4186,1980,-2.996457145040532
578,4186,1981,-2.9932744906629156
579,4186,1982,-2.9420381654305485
580,4186,1983,-2.911252803167445
581,4186,1984,-2.8910698938080017
582,4186,1985,-2.94543097904295
583,4186,1986,-2.8889388836470635
584,4186,1987,-2.8872805230242347
585,4186,1988,-2.96913165769999
586,4186,1989,-3.0282167747027504
587,4186,1990,-3.1007059492526654
588,4186,1991,-3.283404330030291
589,4186,1992,-3.289726978468467
590,4186,1993,-3.1208887137720174
591,4186,1994,-3.1457075165522888
592,4186,1995,-4.054332212862236
593,4186,1996,-4.003354280571504
594,4186,1997,-3.9341774300940817
595,4186,1998,-3.9221187123031838
596,4186,1999,-9.628968466610628
597,4186,2000,-4.197209128106164
598,4186,2001,-4.119136231135272
599,4186,2002,-3.9919097484901838
600,4186,2003,-4.065487718277257
601,4186,2004,-4.005310154309837
602,4186,2005,-3.889672792293017
603,4186,2006,-3.831655820547413
604,4186,2007,-4.031287032226235
605,4186,2008,-4.498630934800603
606,4186,2009,-4.894005762681075
607,4186,2010,-4.690808828334295
608,4186,2011,-4.14239460449729
609,4186,2012,-4.042709688510982
610,4186,2013,-3.981878936896018
611,4186,2014,-3.906038287355473
612,4186,2015,-3.940503769049542
613,4188,1981,-3.0975162162885774
614,4188,1982,None
615,4188,1983,None
616,4188,1984,None
617,4188,1985,-3.0478024619940025
618,4188,1986,-3.014790033176655
619,4188,1987,-3.001801034274991
620,4188,1988,-3.0512699162128856
621,4188,1989,-3.1176931166374526
622,4188,1990,-3.1351870566551887
623,4188,1991,-3.196724763406346
624,4188,1992,-3.459980514106366
625,4188,1993,-3.5177573063695062
626,4188,1994,-3.566655220196724
627,4188,1995,-3.623824960475921
628,4188,1996,-3.66008149313372
629,4188,1997,-4.161635292590849
630,4188,1998,-4.16878279188387
631,4188,1999,-4.1945648570310645
632,4188,2000,-4.207604669360252
633,4188,2001,-4.155910110918342
634,4188,2002,-4.152803261020082
635,4188,2003,-4.339562577669914
636,4188,2004,-4.6267134061742095
637,4188,2005,-4.497374134001508
638,4188,2006,-4.129174135306692
639,4188,2007,-4.080585757583848
640,4188,2008,-4.183668439017699
641,4188,2009,-5.13576555654056
642,4188,2010,-5.480510431835329
643,4188,2011,-4.28918322377931
644,4188,2012,-4.033162155349915
645,4188,2013,-3.981526685987512
646,4188,2014,-3.956518543708497
647,4188,2015,-4.1557203499413955
648,4190,1955,-3.4654349994332256
649,4190,1956,-3.4748701764742456
650,4190,1957,-3.5571596561877645
651,4190,1958,-3.54165686803578
652,4190,1959,-3.51275383638097
653,4190,1960,-3.3424312844433346
654,4190,1961,-3.2818263144129
655,4190,1962,None
656,4190,1963,None
657,4190,1964,-3.311190495692727
658,4190,1965,-3.6273394359726217
659,4190,1966,-3.6461953950293005
660,4190,1967,-3.5609124399833116
661,4190,1968,-3.481032087195491
662,4190,1969,-3.5615117744781073
663,4190,1970,-3.1818987641422627
664,4190,1971,-3.415145260314186
665,4190,1972,-3.298966398898877
666,4190,1973,-3.2796599433842784
667,4190,1974,-3.4065277351441874
668,4190,1975,-3.6376749292696138
669,4190,1976,-3.6999095921258025
670,4190,1977,-4.677366477192581
671,4190,1978,-3.0329057563598343
672,4190,1979,-3.3135444771251987
673,4190,1980,-3.3457910287761137
674,4190,1981,-3.338554855910747
675,4190,1982,-3.4424809264867657
676,4190,1983,-3.416526309958932
677,4190,1984,-3.4165136416256043
678,4190,1985,-3.3723097444210746
679,4190,1986,-3.193267005310318
680,4190,1987,-3.239802937371968
681,4190,1988,-3.2096910681203914
682,4190,1989,-3.2076804494585383
683,4190,1990,-3.1563118159672667
684,4190,1991,-3.149521355112981
685,4190,1992,-3.150979095326658
686,4190,1993,-3.191008519052015
687,4190,1994,-3.1962268797384237
688,4190,1995,-3.1881707359721387
689,4190,1996,-3.2432316318163
690,4190,1997,-3.481459828440931
691,4190,1998,-3.4736481913469914
692,4190,1999,-3.4599418192263394
693,4190,2000,-3.765214452109189
694,4190,2001,-3.6407146336343565
695,4190,2002,-3.5117651032832473
696,4190,2003,-3.523919082599543
697,4190,2004,-3.4864774393913676
698,4190,2005,-3.4526481867295273
699,4190,2006,-3.467925964526586
700,4190,2007,-3.431475808779506
701,4190,2008,-3.407151704426114
702,4190,2009,-3.411988777008829
703,4190,2010,-3.2932050470734713
704,4190,2011,-3.252168332142825
705,4190,2012,-3.291990880933411
706,4190,2013,-3.2837579464509243
707,4190,2014,-3.278582891749587
708,4190,2015,-3.2736379221439535
709,4195,1991,-3.60717726672522
710,4195,1992,-3.6642793434797936
711,4195,1993,-3.5498218884676596
712,4195,1994,-3.420619094876056
713,4195,1995,-3.4787850687437953
714,4195,1996,-3.5164396510278686
715,4195,1997,-3.5645620967963363
716,4195,1998,-3.5940040805559312
717,4195,1999,-3.5835248873137804
718,4195,2000,-3.6160539575816673
719,4195,2001,-4.09663823261161
720,4195,2002,-3.589550983735951
721,4195,2003,-3.609999139651881
722,4195,2004,-3.619558640226472
723,4195,2005,-3.914581686240727
724,4195,2006,-3.8708658104460567
725,4195,2007,-3.901513038066751
726,4195,2008,-3.888962006869574
727,4195,2009,-3.875030987132331
728,4195,2010,-3.8793528661684875
729,4195,2011,-3.873844724462562
730,4195,2012,-3.9075904350008486
731,4195,2013,None
732,4195,2014,-3.8572597524379977
733,4195,2015,-3.871750860486189
734,4220,1951,-3.6226204209460753
735,4220,1952,-3.617495951221892
736,4220,1953,-3.608452582682098
737,4220,1954,-3.5472324970430065
738,4220,1955,-3.5818742827199515
739,4220,1956,-3.5848648476855454
740,4220,1957,-3.577189658943595
741,4220,1958,-3.597491405243411
742,4220,1959,-3.5931628164816836
743,4220,1960,-3.638311068174964
744,4220,1961,-3.5772678100169215
745,4220,1962,-3.5496565202510713
746,4220,1963,-3.585604843522929
747,4220,1964,-3.5792059185059273
748,4220,1965,-3.567521666670522
749,4220,1966,-3.550268650049426
750,4220,1967,-3.5005684355899107
751,4220,1968,-3.471987400661891
752,4220,1969,-3.5341131682847333
753,4220,1970,-3.541559261533336
754,4220,1971,-3.5032411729735875
755,4220,1972,-3.419720278963097
756,4220,1973,-3.6830670309216322
757,4220,1974,-3.5790644676641103
758,4220,1975,-3.6080634573039947
759,4220,1976,-3.6401815470865144
760,4220,1977,-3.639995073869288
761,4220,1978,-3.6373733010932776
762,4220,1979,-3.654562846371905
763,4220,1980,-3.6358371516565007
764,4220,1981,-3.647754271255798
765,4220,1982,-3.6469685222258854
766,4220,1983,-3.662640164032736
767,4220,1984,-3.6213713844715283
768,4220,1985,-3.3298578377107115
769,4220,1986,-3.266605734333279
770,4220,1987,-3.251101546872315
771,4220,1988,-3.2858451397790165
772,4220,1989,-3.29222702744578
773,4220,1990,-3.282688434224024
774,4220,1991,-3.2623479011907226
775,4220,1992,-3.2264868354619223
776,4220,1993,-3.2847510460414284
777,4220,1994,-3.2800471792683608
778,4220,1995,-3.6801272627427957
779,4220,1996,-3.6568991162294893
780,4220,1997,-3.646978384335338
781,4220,1998,-3.602814802451285
782,4220,1999,-3.837964596833359
783,4220,2000,-3.5243839452239483
784,4220,2001,-3.6856395145921077
785,4220,2002,-3.7036100855393075
786,4220,2003,-3.7295510353075794
787,4220,2004,-3.698629539942827
788,4220,2005,-3.6524799222411626
789,4220,2006,-3.5610732464086827
790,4220,2007,-3.497984500871039
791,4220,2008,-3.505501874570388
792,4220,2009,-3.5166197199826903
793,4220,2010,-3.508158535815461
794,4220,2011,-3.501738469169808
795,4220,2012,-3.55144173951977
796,4220,2013,-3.6061969446729374
797,4220,2014,-3.647685397153973
798,4220,2015,-3.706548285118044
799,4230,1959,-3.6373778366938936
800,4230,1960,-3.5194239163120327
801,4230,1961,-3.5576206006707767
802,4230,1962,-3.5797183483038615
803,4230,1963,-3.4606561120326886
804,4230,1964,-3.6344966404561663
805,4230,1965,-3.8179385555905045
806,4230,1966,-3.722595652848371
807,4230,1967,-3.597366356886632
808,4230,1968,-3.728888174847974
809,4230,1969,-4.052703197808822
810,4230,1970,-3.573273196525447
811,4230,1971,-3.7216245690319525
812,4230,1972,-3.6621726269887174
813,4230,1973,-3.470942659229424
814,4230,1974,-3.591277800731961
815,4230,1975,-3.7731980992320513
816,4230,1976,-3.57641338389829
817,4230,1977,-3.5849873220999893
818,4230,1978,-3.507127423856931
819,4230,1979,-3.3977585599369085
820,4230,1980,-3.3694260133448304
821,4230,1981,-3.3635528749259604
822,4230,1982,-3.3205942693618224
823,4230,1983,-3.2988153151319444
824,4230,1984,-3.312451018562443
825,4230,1985,-3.3587957306906238
826,4230,1986,-3.3948137020627214
827,4230,1987,-3.424535442482058
828,4230,1988,-3.486601006896741
829,4230,1989,-3.427480162037161
830,4230,1990,-3.421242805779493
831,4230,1991,-3.453026569165278
832,4230,1992,-3.4850972061907672
833,4230,1993,-3.5076288718052475
834,4230,1994,-3.5445406381632547
835,4230,1995,-3.5602424167837983
836,4230,1996,None
837,4230,1997,None
838,4230,1998,-3.9422054163818485
839,4230,1999,-4.738163610463906
840,4230,2000,-3.9710199085060904
841,4230,2001,-4.000149395533319
842,4230,2002,-4.009921283039279
843,4230,2003,-3.9822237105890865
844,4230,2004,-3.9741139292193446
845,4230,2005,-3.9838394351975888
846,4230,2006,-3.944680149811301
847,4230,2007,-3.91672939197436
848,4230,2008,-3.8546173675636957
849,4230,2009,-4.07861680324314
850,4230,2010,-3.9136238959526475
851,4230,2011,-3.890370928372024
852,4230,2012,-3.9306678953002243
853,4230,2013,-3.9566199973739624
854,4230,2014,-3.905266819891634
855,4230,2015,-3.923172886318973
856,4240,1955,-3.42308517150781
857,4240,1956,-3.4682199459998317
858,4240,1957,-3.5508603464348276
859,4240,1958,-3.5140575273138817
860,4240,1959,-5.821883149071603
861,4240,1960,-3.419360298379495
862,4240,1961,-3.529868205886428
863,4240,1962,-3.5834645794973756
864,4240,1963,-3.731031111853925
865,4240,1964,-3.949050431992158
866,4240,1965,-4.010796757489456
867,4240,1966,-3.864141461990983
868,4240,1967,-3.934745939853492
869,4240,1968,-4.239054158501363
870,4240,1969,
871,4240,1970,-3.8287579969854995
872,4240,1971,-3.9974702310468757
873,4240,1972,-3.8815643808164713
874,4240,1973,-3.034400326579829
875,4240,1974,-2.3205522143023707
876,4240,1975,-3.0354268945981375
877,4240,1976,-3.5946759276593263
878,4240,1977,-3.7109654188728705
879,4240,1978,-3.7603194086769136
880,4240,1979,-3.481618099876571
881,4240,1980,-3.6664651469584237
882,4240,1981,-3.38134101660623
883,4240,1982,-3.404746020435115
884,4240,1983,-3.392608125725685
885,4240,1984,-3.395359133696872
886,4240,1985,-3.492498593504513
887,4240,1986,-3.5361220155078166
888,4240,1987,-3.532067989984919
889,4240,1988,-3.5660967559040166
890,4240,1989,-3.5153688808075976
891,4240,1990,-3.5042652424116874
892,4240,1991,-3.4824179638180457
893,4240,1992,-3.369651379218415
894,4240,1993,-3.3887206902838303
895,4240,1994,-3.330320887620553
896,4240,1995,-3.295758474291071
897,4240,1996,-3.2978851778385816
898,4240,1997,-3.273340071322508
899,4240,1998,-3.2486291796634794
900,4240,1999,-3.237439328629137
901,4240,2000,-3.3259015154636824
902,4240,2001,-3.6464784656849374
903,4240,2002,-3.7004776686199032
904,4240,2003,-3.449418762092214
905,4240,2004,-3.427567954212834
906,4240,2005,None
907,4240,2006,-3.8299248305165015
908,4240,2007,-3.8482297730296198
909,4240,2008,-3.8710374543798287
910,4240,2009,-3.8841600740922764
911,4240,2010,-4.014512425548186
912,4240,2011,-4.11002346110848
913,4240,2012,-4.209386808710985
914,4240,2013,-4.216772213943512
915,4240,2014,-4.085688979334931
916,4240,2015,-4.0021068488047
917,4272,1980,-3.097464833998249
918,4272,1981,-3.0970648975175536
919,4272,1982,-3.03723488928698
920,4272,1983,-2.9977195548737314
921,4272,1984,-3.032690512218309
922,4272,1985,-3.0847001225611863
923,4272,1986,-3.0573148337320792
924,4272,1987,-3.06322754836521
925,4272,1988,-3.1016790309687687
926,4272,1989,-3.1062840136141965
927,4272,1990,-3.1286548062927713
928,4272,1991,-3.110143344262572
929,4272,1992,-3.1727436006521845
930,4272,1993,-2.873070256395104
931,4272,1994,-2.9211334665283704
932,4272,1995,-3.028304492849857
933,4272,1996,-3.065603409934769
934,4272,1997,-3.074784681777244
935,4272,1998,-3.234449791754427
936,4272,1999,-3.2056094524179466
937,4272,2000,-3.196963674939848
938,4272,2001,-3.1759893664081886
939,4272,2002,-2.948001423674421
940,4272,2003,-3.0017984340028443
941,4272,2004,-3.1634262985037265
942,4272,2005,-3.212274683205459
943,4272,2006,-3.2072847457329736
944,4272,2007,-3.1711614871616858
945,4272,2008,-3.1845957826091245
946,4272,2009,-3.022502210133176
947,4272,2010,-3.2083272633763644
948,4272,2011,-3.1989309170480396
949,4272,2012,-3.210130449699847
950,4272,2013,-3.267739902801523
951,4272,2014,-2.8312871062500276
952,4273,1998,-3.763760691927302
953,4273,1999,-3.7129372887260153
954,4273,2000,-3.7039229676952967
955,4273,2001,-3.6140168932170766
956,4273,2002,-3.683819100297698
957,4273,2003,-3.666715697664456
958,4273,2004,-3.664654408128709
959,4273,2005,-3.7410234114028196
960,4273,2006,-3.7424748668350327
961,4273,2007,-3.747314058673074
962,4273,2008,-3.717421117479201
963,4273,2009,-3.7220380201164023
964,4273,2010,-3.8936486319943406
965,4273,2011,-3.752069396503106
966,4273,2012,-3.7718007899285673
967,4273,2013,-3.7401676647090536
968,4273,2014,-3.730934297797488
969,4273,2015,-3.7636387551367108
970,4274,1992,-3.4251449179040137
971,4274,1993,-3.747418689752836
972,4274,1994,-3.7833927435987964
973,4274,1995,-3.863660819900556
974,4274,1996,-3.855831415349814
975,4274,1997,-3.855030181138773
976,4274,1998,-3.899249933168812
977,4274,1999,-3.8853130562518383
978,4274,2000,-4.1747046877687435
979,4274,2001,-3.9645185975412174
980,4274,2002,-3.9400691413694116
981,4274,2003,-3.914358900621228
982,4274,2004,-3.8754544818015915
983,4274,2005,-3.8867722557325006
984,4274,2006,-3.8537462298436105
985,4274,2007,-3.844175584312478
986,4274,2008,-3.83132375443744
987,4274,2009,-3.813900006028582
988,4274,2010,None
989,4274,2011,-3.857042448225675
990,4274,2012,-3.895244597229293
991,4274,2013,-3.9149955207733727
992,4274,2014,None
993,4274,2015,None
994,4280,1951,-3.5840063726571625
995,4280,1952,-3.5862354892415964
996,4280,1953,-3.631432146466263
997,4280,1954,-3.5915352985991156
998,4280,1955,-3.546347696748062
999,4280,1956,-3.544389051418917
1000,4280,1957,-3.636176448010406
1001,4280,1958,-3.6215485563931575
1002,4280,1959,-3.6311116899022244
1003,4280,1960,-3.6063496086738445
1004,4280,1961,-3.537347636857568
1005,4280,1962,-3.4738118972610454
1006,4280,1963,-3.5938527700933487
1007,4280,1964,-3.5570394134997856
1008,4280,1965,-3.5900243397348266
1009,4280,1966,-3.575317246385783
1010,4280,1967,-3.5009846990360125
1011,4280,1968,-3.464802931558701
1012,4280,1969,None
1013,4280,1970,None
1014,4280,1971,-3.6698651269228146
1015,4280,1972,-3.596781027747562
1016,4280,1973,-3.6439519432667544
1017,4280,1974,-3.4697503468212476
1018,4280,1975,-3.2137177891998463
1019,4280,1976,-3.4718122612495383
1020,4280,1977,-3.4974629939066952
1021,4280,1978,-3.5969815695722516
1022,4280,1979,-3.318077531634509
1023,4280,1980,-3.5014106968950967
1024,4280,1981,-3.5245893105192403
1025,4280,1982,-3.4849463084999583
1026,4280,1983,-3.533107886630436
1027,4280,1984,-3.5059660293596533
1028,4280,1985,-3.5735644934271584
1029,4280,1986,-3.5650630092091102
1030,4280,1987,-3.5585831862748267
1031,4280,1988,-3.5575153701426885
1032,4280,1989,-3.543724160157466
1033,4280,1990,-3.536646462303655
1034,4280,1991,-3.634833353185549
1035,4280,1992,-3.5193096541689624
1036,4280,1993,-3.5404549496551474
1037,4280,1994,-3.5230492400914963
1038,4280,1995,-3.510552122128317
1039,4280,1996,-3.523844079462356
1040,4280,1997,-3.500116867557667
1041,4280,1998,-3.6758816335526254
1042,4280,1999,-3.4419435894614994
1043,4280,2000,-3.5438303684617014
1044,4280,2001,-3.341632119163573
1045,4280,2002,-3.342620254810084
1046,4280,2003,-3.3793742930920376
1047,4280,2004,-3.361187578637693
1048,4280,2005,-3.4246955543493716
1049,4280,2006,-3.33082088803247
1050,4280,2007,-3.403419127695312
1051,4280,2008,-3.7190507125122654
1052,4280,2009,-3.9242261261401095
1053,4280,2010,-4.018790446183077
1054,4280,2011,-3.4617657911540762
1055,4280,2012,-4.343280054380987
1056,4280,2013,-4.266790088028631
1057,4280,2014,-4.0614354062422136
1058,4280,2015,-3.986584414586778
1059,4290,1951,-3.611698948235195
1060,4290,1952,-3.6466197803409606
1061,4290,1953,-3.6840108276015
1062,4290,1954,-3.625448845299353
1063,4290,1955,-3.5922732729673155
1064,4290,1956,-3.579045451365142
1065,4290,1957,-3.6182882949389863
1066,4290,1958,-3.675590221995254
1067,4290,1959,-3.69627218261549
1068,4290,1960,-3.6448239357854213
1069,4290,1961,-3.612096704638811
1070,4290,1962,-3.61034491014179
1071,4290,1963,-3.544087337258565
1072,4290,1964,-3.470100754676115
1073,4290,1965,-3.469813042834188
1074,4290,1966,-3.529222013785295
1075,4290,1967,-3.5781651541341346
1076,4290,1968,-3.479001122503411
1077,4290,1969,-3.4515795503503726
1078,4290,1970,-3.514162876353544
1079,4290,1971,-3.648466419143164
1080,4290,1972,-3.681825118972992
1081,4290,1973,-3.630699593350229
1082,4290,1974,-3.5795316039867564
1083,4290,1975,-3.5703721698879836
1084,4290,1976,-3.5993185163287276
1085,4290,1977,-3.611223839506819
1086,4290,1978,-3.6296429723887984
1087,4290,1979,-3.6302650376348997
1088,4290,1980,-3.6632789112999453
1089,4290,1981,-3.7006277828258702
1090,4290,1982,-3.7057189431421556
1091,4290,1983,-3.6893982583778464
1092,4290,1984,-3.627658632075643
1093,4290,1985,-3.6103530693241384
1094,4290,1986,-3.26782445818715
1095,4290,1987,-3.2056271511060426
1096,4290,1988,-3.2006116032324505
1097,4290,1989,-3.153829661497138
1098,4290,1990,-3.1941626944535386
1099,4290,1991,-3.2072414788882733
1100,4290,1992,-3.203262490743734
1101,4290,1993,-3.2220493685285314
1102,4290,1994,-3.255485609085793
1103,4290,1995,-3.358879101448782
1104,4290,1996,-3.830191290541302
1105,4290,1997,-3.828915449999984
1106,4290,1998,-3.8050893649819515
1107,4290,1999,-3.7844099097878625
1108,4290,2000,-3.7367048317863802
1109,4290,2001,-3.70442285792288
1110,4290,2002,-3.7062711299917424
1111,4290,2003,-3.7183129046128016
1112,4290,2004,-3.712494094907014
1113,4290,2005,-3.655187384287478
1114,4290,2006,-3.5875261286014166
1115,4290,2007,-3.581489100860288
1116,4290,2008,-3.571371497214774
1117,4290,2009,-3.574435314327881
1118,4290,2010,-3.6208058097316522
1119,4290,2011,-3.6157935706729485
1120,4290,2012,-3.59268844521857
1121,4290,2013,-3.5569590345284507
1122,4290,2014,-3.9754513367048983
1123,4290,2015,-3.165477600714526
1124,4300,1951,-3.398181777739104
1125,4300,1952,-3.3827796233061576
1126,4300,1953,-3.408571290311703
1127,4300,1954,-3.376504275212309
1128,4300,1955,-3.373414750354859
1129,4300,1956,-3.384962619940634
1130,4300,1957,-3.4068114424690514
1131,4300,1958,-3.4094678003901224
1132,4300,1959,-3.406006754429634
1133,4300,1960,-3.214633629799094
1134,4300,1961,-3.0583392984565543
1135,4300,1962,-3.1440357401977876
1136,4300,1963,-3.3083232216107477
1137,4300,1964,-3.4443832454448184
1138,4300,1965,-3.484007511121805
1139,4300,1966,-3.4340000465270175
1140,4300,1967,-3.412212616178767
1141,4300,1968,-3.4191213238879983
1142,4300,1969,-3.538335333431952
1143,4300,1970,-3.568305835753846
1144,4300,1971,-3.566013740817619
1145,4300,1972,-3.5884429198722185
1146,4300,1973,-3.6978427420281346
1147,4300,1974,-4.008482773895293
1148,4300,1975,-4.287350982200229
1149,4300,1976,-4.103062391441511
1150,4300,1977,-3.8714249403099936
1151,4300,1978,-3.8014142159130784
1152,4300,1979,-3.7039122351514044
1153,4300,1980,-3.618578488654917
1154,4300,1981,-3.606234487065867
1155,4300,1982,-3.750057034192989
1156,4300,1983,-3.729780646219875
1157,4300,1984,-3.6853865935638805
1158,4300,1985,-3.6496753851972317
1159,4300,1986,-3.617764841528876
1160,4300,1987,-3.569516501290822
1161,4300,1988,-3.5463951744594864
1162,4300,1989,-3.464536063235797
1163,4300,1990,-3.4151949547606595
1164,4300,1991,-3.417535235132793
1165,4300,1992,-3.5237264774946078
1166,4300,1993,-3.575002205221812
1167,4300,1994,-3.6955763112020166
1168,4300,1995,-3.807135565989163
1169,4300,1996,-3.9020051936477644
1170,4300,1997,-3.7415955530628238
1171,4300,1998,-3.79810791129201
1172,4300,1999,-3.7568555637673633
1173,4300,2000,-3.724823717673474
1174,4300,2001,-3.7137496223856643
1175,4300,2002,-3.878333585153302
1176,4300,2003,-3.7593881601882075
1177,4300,2004,-3.7735763319849935
1178,4300,2005,-3.7939418699631227
1179,4300,2006,-3.6768640369554526
1180,4300,2007,-3.5402648997674295
1181,4300,2008,-3.543912943652272
1182,4300,2009,-3.624952186729509
1183,4300,2010,-3.6100579531314434
1184,4300,2011,-3.615791125567843
1185,4300,2012,-3.582297580094717
1186,4300,2013,None
1187,4300,2014,None
1188,4300,2015,-3.6243179326530015
1189,5020,1950,-3.0015176193793325
1190,5020,1951,-3.103688664617055
1191,5020,1952,-3.2372335404358052
1192,5020,1953,-3.2706809204038145
1193,5020,1954,-3.1531252818909796
1194,5020,1955,-3.1231353876363475
1195,5020,1956,-3.180175011144715
1196,5020,1957,-3.2417649931707073
1197,5020,1958,-3.2027478450363494
1198,5020,1959,-3.216075564858527
1199,5020,1960,-3.199273589768847
1200,5020,1961,-3.3012591263804962
1201,5020,1962,-3.2732016368826806
1202,5020,1963,-3.2441821135113407
1203,5020,1964,-3.2567388426419974
1204,5020,1965,-3.2782517391699386
1205,5020,1966,-3.213905727995472
1206,5020,1967,-3.260361137226746
1207,5020,1968,-3.198287468358113
1208,5020,1969,-3.211098109418884
1209,5020,1970,-3.230805682972258
1210,5020,1971,-3.347924017485805
1211,5020,1972,-3.4298674516957153
1212,5020,1973,-3.3426509158030964
1213,5020,1974,-2.9821914440481256
1214,5020,1975,-3.553224535349218
1215,5020,1976,-3.547625451552908
1216,5020,1977,-3.521504810089979
1217,5020,1978,-3.3452571475948876
1218,5020,1979,-3.3035349825357763
1219,5020,1980,-3.142809821226913
1220,5020,1981,-3.2061281493221903
1221,5020,1982,-3.3328147738267146
1222,5020,1983,-3.3700254829405925
1223,5020,1984,-3.3102199855841827
1224,5020,1985,-3.243708213954438
1225,5020,1986,-3.2657959069631697
1226,5020,1987,-3.228924111119274
1227,5020,1988,-3.2137433557814408
1228,5020,1989,-3.2997844848911257
1229,5020,1990,-3.3689016119193624
1230,5020,1991,-3.3928046732534964
1231,5020,1992,-3.4569326027379077
1232,5020,1993,-3.422642867787292
1233,5020,1994,-3.368916738877683
1234,5020,1995,-3.3277860561647126
1235,5020,1996,-3.4093953960960723
1236,5020,1997,-3.720737982701066
1237,5020,1998,-3.6825711753136745
1238,5020,1999,-3.6639436304880473
1239,5020,2000,-3.611855105393985
1240,5020,2001,-3.6214676471385987
1241,5020,2002,-3.734160027577516
1242,5020,2003,-3.6342004018494913
1243,5020,2004,None
1244,5020,2005,-3.6277444810188864
1245,5020,2006,-3.0630327770560757
1246,5020,2007,-3.3848669232759825
1247,5020,2008,-3.3762562748478255
1248,5020,2009,-3.5465656156446084
1249,5020,2010,-4.194009852976976
1250,5020,2011,-3.488481050656507
1251,5020,2012,-3.502741197963607
1252,5020,2013,-3.505946119966661
1253,5020,2014,-3.619273857029976
1254,5020,2015,-3.5386423507544382
